depth,age_median,age_mean,age_ci68_lower,age_ci68_upper,age_ci95_lower,age_ci95_upper
0.0,0.14078161580075604,0.1559243437022995,-0.01686260216481999,0.3312367292257262,-0.09585792951481044,0.48235752658193043
0.04471612310822044,0.23117554272874186,0.24607347301344745,0.09274042897903644,0.4018927884699005,0.014342191419475623,0.5470500616881042
0.0894322462164409,0.32187245752623217,0.32924982129280916,0.18940006740161092,0.4680359386060976,0.09429575219875361,0.6073861043712844
0.13414836932466134,0.40390738356395073,0.40939464152200356,0.2780352097545952,0.5394237997746582,0.17493138543171735,0.6744559097490677
0.17886449243288177,0.48680744652993724,0.48927068153826714,0.3670422940153242,0.6099797172700431,0.2588564467164135,0.7486601465575707
0.22358061554110226,0.5681655155315135,0.5700175793947722,0.4495576566714104,0.6920672133733873,0.3425794174970061,0.8133470485184264
0.2682967386493227,0.652227560940807,0.6519157536189332,0.5235467778881401,0.7801489913360571,0.415037116210291,0.888968778116271
0.31301286175754317,0.735477608773559,0.7349442327064251,0.6074399789498511,0.8589376017379311,0.4943943923398995,0.9925201363208633
0.3577289848657636,0.8181868512643975,0.8194022527216555,0.6902450381144901,0.9463877456490231,0.5639361395619237,1.0757337695275209
0.40244510797398403,0.9063637255561073,0.9069078186330423,0.7691107600714195,1.0424652898656164,0.628134488579666,1.1747425460648482
0.4471612310822045,1.00382017864976,1.0047995684128237,0.8682268458720142,1.1420459660800932,0.7240284409827775,1.2629692358301003
0.49187735419042494,1.1186391563025955,1.120050163134542,0.9816154025720294,1.258259309507931,0.8445387039499649,1.392176601697422
0.5365934772986454,1.257845115380872,1.2605434995086355,1.1214526797421343,1.4039945945574854,0.9756145504266297,1.545262184309803
0.5813096004068659,1.4301871875576837,1.4326890783510176,1.2813577726189107,1.5843258274041179,1.1271341331596765,1.7302247755387008
0.6260257235150863,1.6301090855152514,1.6334227589883121,1.4708037977925335,1.7928384145351783,1.307729953338567,1.9584040813560581
0.6707418466233067,1.8560714370239864,1.8594796642804836,1.695896432822081,2.0346347478234525,1.5305851219308957,2.1926481780291196
0.7154579697315272,2.103250241824804,2.115964500337298,1.9368494411386623,2.314911815457852,1.7580656865375053,2.4762431924632775
0.7601740928397477,2.4040069413342877,2.4217275434323584,2.2369553673565736,2.631494813105928,2.0544793964363066,2.7920605295759997
0.8048902159479681,2.7852242025735303,2.7906909412886525,2.589849956287227,3.0065437763444254,2.391659906914262,3.2002006705678547
0.8496063390561885,3.1858359981787427,3.186389728670806,2.9738732689903666,3.4031011773034776,2.7735433485080967,3.5899831362365777
0.894322462164409,3.571820285637571,3.565777360750226,3.35825630022613,3.7745537239049254,3.1436409779599,3.9853900370620328
0.9390385852726294,3.8936277660992085,3.8962484749248425,3.6900935481265527,4.103227519053302,3.4685469654773033,4.320542708026184
0.9837547083808499,4.179431252410973,4.183486486574539,3.990321564163132,4.388730440452203,3.767082419212992,4.5662477065935585
1.0284708314890703,4.440522545871137,4.441425467744475,4.256796411651015,4.633531579704549,4.047349367989171,4.813794934661119
1.0731869545972907,4.671973714454173,4.677820392671674,4.490646622973325,4.865367065719594,4.300568320126362,5.039944790081506
1.1179030777055112,4.89571709465611,4.896001739893742,4.708480724611581,5.085125021312782,4.541782686956086,5.263148119653209
1.1626192008137317,5.103985588814336,5.105370640910554,4.915647873652828,5.289986163576171,4.751599983350709,5.481127996211496
1.2073353239219522,5.309396970370844,5.3133539774096326,5.125434706605617,5.500045421253766,4.954391787189497,5.704586521370262
1.2520514470301727,5.52718312083511,5.5294398645116365,5.3454057201977045,5.715985429905579,5.1454574615061235,5.921309947822532
1.296767570138393,5.760395349152788,5.75628982614869,5.555704930143302,5.94895003645898,5.362945187059547,6.150770472600286
1.3414836932466134,5.994415708159998,5.990940621089674,5.7778895864010655,6.1921309989463715,5.590479865458046,6.387307707753833
1.386199816354834,6.236411923374664,6.227786061851202,6.006984411985321,6.4442350870867156,5.778878822289992,6.657023841519326
1.4309159394630544,6.473345628538528,6.4612848376237615,6.240557282428793,6.666917240469475,6.011569668788619,6.882075123645077
1.4756320625712749,6.700783369497938,6.68605324859685,6.4702502871019,6.898909424688681,6.215737924193593,7.092414941365398
1.5203481856794954,6.918361740482046,6.903449558068139,6.684175204300346,7.109782584072384,6.439756166506499,7.281938572456623
1.5650643087877159,7.12303898404625,7.10676345902777,6.8851283258636995,7.306845287489012,6.66804271383898,7.4773410801032965
1.6097804318959361,7.306405424502858,7.29101918109353,7.080340343732755,7.498557111223973,6.842922574194852,7.6718309423061
1.6544965550041566,7.470275269722899,7.459241332525182,7.242000866384005,7.665524688495912,7.003340756645726,7.87006046051234
1.699212678112377,7.630075267434677,7.622044919937411,7.412577879794887,7.82857434293155,7.183807150642758,8.08361117082286
1.7439288012205976,7.786521032860382,7.79052202505595,7.573444693392337,7.994932541866385,7.356531233876068,8.276038468952283
1.788644924328818,7.973140752753377,7.978960854937165,7.7616347968220865,8.186509399788001,7.5759782668678906,8.4568957005577
1.8333610474370385,8.183395027800497,8.20112151426839,7.982302405979888,8.424614205976937,7.831300474098357,8.696653937233075
1.8780771705452588,8.449073698077516,8.475338632592615,8.267240062981411,8.68007235246102,8.106913084346637,8.973618133929525
1.9227932936534793,8.788961210634241,8.804563968144095,8.588085440768356,9.029280302337305,8.43363544292624,9.274205058696879
1.9675094167616998,9.148673457410883,9.15870353331001,8.953279884092595,9.371082896541873,8.739374762063875,9.609905474943664
2.0122255398699203,9.51778294455677,9.515272093938082,9.313482269489546,9.726690119824967,9.052803987070142,9.937191492727441
2.0569416629781405,9.849207227594764,9.847573638789394,9.63903910556093,10.064857606911213,9.370638517806452,10.281016053214048
2.1016577860863612,10.158260493744626,10.155589249587738,9.945291809048516,10.37910020019995,9.690527610662702,10.582109496859205
2.1463739091945815,10.435153840146967,10.44459581262857,10.228513685314928,10.667549630952323,9.998869274510119,10.875394866790774
2.191090032302802,10.719106901505945,10.721819943805656,10.505523930159656,10.932788895668471,10.271150200075706,11.179812919212972
2.2358061554110225,10.988517834375486,10.986366433087293,10.773879030292907,11.195635039643424,10.565201932743138,11.424556263759643
2.280522278519243,11.229851565274512,11.238225893671368,11.049135260814799,11.43641967014389,10.823997737801143,11.670746306131404
2.3252384016274634,11.462329984747743,11.4757702177412,11.297607436446196,11.670059207829933,11.07731871082609,11.8787112966081
2.3699545247356837,11.698923525762808,11.705108297034082,11.528848994994979,11.89514281535632,11.327122810407667,12.077739189146437
2.4146706478439044,11.92398302608196,11.928738858370064,11.750857914051387,12.119163573864537,11.560037430837008,12.295756771934832
2.4593867709521247,12.151824444130368,12.149603206512586,11.972670018085871,12.331275213641206,11.782274958832007,12.49997209176991
2.5041028940603454,12.37769590900416,12.369854330992835,12.198305306713525,12.53426261884873,12.022867609868833,12.685850560038054
2.5488190171685656,12.590850711154472,12.57993767568008,12.430105443212936,12.734525880879826,12.232091334098678,12.875705669116478
2.593535140276786,12.77371610590006,12.76497457951298,12.615244114198642,12.917659089926982,12.429337608094324,13.044568129963965
2.6382512633850066,12.921954625306446,12.921728296322106,12.773951432893092,13.07578365017493,12.605554135926697,13.231056792320052
2.682967386493227,13.0599112379895,13.063290294275095,12.922667211060316,13.217586181236443,12.748404463231909,13.379853753875084
2.7276835096014476,13.195198595706312,13.201846474324348,13.05486199472622,13.36104447771759,12.878686655307638,13.524466701876218
2.772399632709668,13.345947023240898,13.349120872216659,13.197036062355952,13.513125025074652,13.032020816479452,13.69962834688469
2.8171157558178885,13.512867853702296,13.516507628162447,13.347792347495936,13.6901100159586,13.201245934532729,13.872786910739258
2.861831878926109,13.705522280518892,13.709303051216153,13.538938449366158,13.891645842103491,13.35678257805796,14.061254527801918
2.906548002034329,13.91600720898169,13.92533711884516,13.734968896206116,14.114032028585713,13.568112832922186,14.313763197146734
2.9512641251425498,14.155281438163987,14.158186432920981,13.958237479916868,14.357180086949498,13.788982569639819,14.581364271929788
2.99598024825077,14.402796351167565,14.405989677414734,14.186380000207183,14.619274480110718,13.999037050178423,14.854184864492868
3.0406963713589907,14.659548859664053,14.67205930857126,14.44657449608639,14.901674346237446,14.254053630153127,15.121002638961208
3.085412494467211,14.957416205291853,14.968415307372132,14.739541383582509,15.20544186687,14.551322518246117,15.42243429507764
3.1301286175754317,15.29014909779692,15.301678362281832,15.085916106924717,15.53306306811665,14.852756705797125,15.74358626709903
3.174844740683652,15.68182206526968,15.679567212551968,15.45542574387351,15.909822422493628,15.227846698512659,16.118123931901348
3.2195608637918722,16.112267285674122,16.113052785765625,15.893424890905209,16.336279394280783,15.672659517990791,16.52629082152732
3.264276986900093,16.611076989937473,16.606659047930354,16.39600460877298,16.81222669031576,16.18374811978406,16.98762349940631
3.308993110008313,17.1167000617447,17.11302389567775,16.895957025391546,17.321560022466425,16.68924587135579,17.507380160277943
3.353709233116534,17.59845637309921,17.592357289556713,17.385596430585405,17.80229206097278,17.14820922309377,18.004712557242208
3.398425356224754,18.045338622850874,18.044244843980763,17.818085535318872,18.262854643131,17.625438320198004,18.477504405027002
3.4431414793329744,18.45832054334464,18.463394197239136,18.24924373152646,18.683442340496185,18.034538677645696,18.907748805709343
3.487857602441195,18.838508064901486,18.845322639641424,18.626655499847587,19.065953069747525,18.376232315215663,19.29694315398193
3.5325737255494154,19.193034728870778,19.186099285884193,18.960467757434326,19.4217611211024,18.712907167307883,19.67275384113695
3.577289848657636,19.50117705016644,19.496396050121707,19.237765791118797,19.73821458667052,18.993210905746775,20.036382488423634
3.6220059717658564,19.78396155958737,19.785435409747233,19.512137315557347,20.055252000037417,19.246613782212226,20.384918530778755
3.666722094874077,20.049557933588552,20.06040367139749,19.77583769408217,20.359894406328515,19.50266735699587,20.671754243190012
3.7114382179822973,20.318915077634493,20.325968728447467,20.021920050769587,20.638800952831684,19.73628343593432,20.929114561645296
3.7561543410905176,20.58561746625275,20.58525659559371,20.263759434255878,20.910906256917652,19.997087223152242,21.20638288497027
3.8008704641987383,20.84097761371847,20.843766434513178,20.50977794988057,21.164423722180256,20.268437095269984,21.45745170010769
3.8455865873069586,21.106612051695688,21.109973573204694,20.789686263311044,21.42958048550598,20.54142972582295,21.71073112190766
3.8903027104151793,21.398236617149834,21.388271543994705,21.077155079639702,21.6961055636451,20.810883418834774,21.98314882258522
3.9350188335233995,21.687778558977136,21.682738139152345,21.38484455689311,21.966513463931516,21.109116228417246,22.261397126711344
3.9797349566316207,22.00200013141643,21.998421998564226,21.72378485181738,22.258071513993915,21.464228394954624,22.539197077853853
4.0244510797398405,22.3379008468919,22.33922140231852,22.07709618214181,22.586850588386312,21.850044225174642,22.855514551038
4.069167202848061,22.706616305241692,22.706720088380067,22.47490795614138,22.944358845182194,22.24906767792099,23.196708890192095
4.113883325956281,23.085481692164734,23.092998809946454,22.872389867597015,23.34079143570121,22.623911014613057,23.57545135100801
4.158599449064502,23.487543044528522,23.490389692500276,23.231640079264388,23.75164539295041,22.95520693433145,24.0345340975773
4.2033155721727224,23.895980238314174,23.895855760900588,23.581253287733954,24.202640963823427,23.292721458209936,24.517351465317578
4.248031695280943,24.302482961014462,24.302909875645163,23.95108610754722,24.652168904279744,23.604148939005967,24.999861762712122
4.292747818389163,24.698606923318604,24.70392361540631,24.33611283633999,25.099044859155242,23.866154830714734,25.51231853671972
4.337463941497384,25.102461957691936,25.099135735706128,24.67569690536006,25.53023766419482,24.182792237293157,26.00994102523095
4.382180064605604,25.50031800814943,25.487943518082773,25.031749991485746,25.939052119033224,24.489269576967754,26.448664035943754
4.426896187713824,25.887349336422332,25.868248077974844,25.400558662376138,26.340600536188173,24.778984253452425,26.900243914877557
4.471612310822045,26.244354007821954,26.237999812203352,25.74640039320556,26.72799367114735,25.092860624837357,27.25054415267522
4.516328433930266,26.623437284362062,26.591235751187295,26.077480132619865,27.100124894754156,25.4131393869767,27.635164802903983
4.561044557038486,26.95125207591412,26.931463873960425,26.409817705422526,27.46503512647816,25.735717279421394,27.975264111289516
4.605760680146706,27.258301527783207,27.25545078585862,26.73864671364527,27.780904572377416,26.081016569348535,28.273786458387523
4.650476803254927,27.558725064598153,27.55978561355533,27.045910907784585,28.080105664350537,26.447012922105003,28.603135846208467
4.695192926363148,27.834125577210536,27.84379104585965,27.341776177588116,28.3577743833462,26.776678582842354,28.996389510132992
4.739909049471367,28.079557108372057,28.10534097590097,27.591692222541297,28.601637897968647,27.09864499719512,29.326447031460045
4.784625172579588,28.31253302301467,28.344682259092192,27.84430429527992,28.814691572152856,27.37170314407532,29.652733726356466
4.829341295687809,28.529145599570022,28.57114689832166,28.07015566449697,29.025778551515742,27.62157153085733,29.90628519675249
4.874057418796029,28.753185874272596,28.79032028701693,28.30099815385335,29.22449676945621,27.863785057875635,30.124617761913086
4.918773541904249,28.938564578801554,29.002461875148903,28.51353438156209,29.480275045359583,28.070545880400473,30.32977239571251
4.96348966501247,29.120855026811952,29.20901861765227,28.70698682176395,29.74666486117125,28.275548272395124,30.565884842807638
5.008205788120691,29.302518678188846,29.41431593731771,28.888203468629275,30.018987387286817,28.455158413124163,30.734337883139094
5.0529219112289105,29.50865311173467,29.616816746932933,29.053188490791477,30.287154134095896,28.57918603177924,30.94529710909357
5.097638034337131,29.70126512604391,29.813934820804874,29.196125535271378,30.529207399122733,28.772723388381504,31.15983125709952
5.142354157445352,29.898376215514297,30.003189731766923,29.3664561691696,30.74801428594435,28.946222164588175,31.34030552841833
5.187070280553572,30.09450051855005,30.186518876812848,29.504810844232534,30.925178243719397,29.118439569751988,31.54585678284128
5.2317864036617925,30.30388475189303,30.365183664112635,29.654380126544023,31.100957151318973,29.243400753631793,31.746604967439627
5.276502526770013,30.51282264876022,30.54132979665816,29.813581322166595,31.273244898194363,29.375948553940272,31.88447283806632
5.321218649878234,30.69453808548674,30.71028825092627,29.962197228648993,31.431419292360246,29.494043824506956,32.06495320182502
5.365934772986454,30.873610837929625,30.87232003212851,30.11833538744127,31.609806299966,29.598289002806556,32.21139372889486
5.410650896094674,31.03732114837718,31.023733967461826,30.24258813578564,31.7588281085657,29.70118100918805,32.30938258351683
5.455367019202895,31.175482454373363,31.168143812292204,30.404948577142065,31.913661827636002,29.782354569200635,32.44656854127634
5.500083142311115,31.305651968540097,31.3091131789274,30.549356096027335,32.032271993121775,29.919560493871668,32.563304557675956
5.544799265419336,31.44697040734955,31.445468116803355,30.707625599653074,32.163753063694124,30.00771678749776,32.7117219395794
5.589515388527556,31.598078628442202,31.574635347768393,30.880683664810594,32.270567969207654,30.131450476767156,32.83528008696096
5.634231511635777,31.72847353372491,31.697301967397294,31.02035115427102,32.386452930283674,30.218503496830333,32.93649498703088
5.678947634743997,31.82643106284754,31.81312755488634,31.159696390725557,32.480893237162036,30.35538579220888,33.05086370637592
5.723663757852218,31.939748506412556,31.92469192135011,31.28588423596788,32.58825173698565,30.4953329366563,33.12999689484348
5.768379880960438,32.045788274811315,32.031548095007196,31.404007769931948,32.68120954745022,30.67002540322074,33.194551836219624
5.813096004068658,32.1449023269058,32.13355997092392,31.524506075387208,32.766778583938056,30.79791203803811,33.259425187957426
5.857812127176879,32.25391281956255,32.23466297751194,31.640877628497524,32.851123652612635,30.952318850645153,33.35529395511436
5.9025282502850995,32.35337747731144,32.3356451226097,31.741559207403093,32.936798028619364,31.08882882092038,33.44837696528071
5.94724437339332,32.44923919588263,32.435360075964624,31.85256187134849,33.02527689124107,31.20637123532074,33.549540267399436
5.99196049650154,32.55026488611817,32.534644546832645,31.94990656610215,33.12458207453762,31.317192349226687,33.62554976438055
6.036676619609761,32.64157142123265,32.636557701957216,32.05606460454286,33.22590469766512,31.4254517222349,33.77973906678608
6.0813927427179815,32.742913201063274,32.74141431609764,32.17525230568543,33.343365759380994,31.550335867200253,33.895531063355136
6.126108865826201,32.8515053178282,32.8489988997956,32.26881173856158,33.46850556436196,31.614848870394063,34.04144264497182
6.170824988934422,32.951565849084695,32.9583162430227,32.39687680753735,33.585199633176906,31.714846152148542,34.1882247914319
6.215541112042643,33.0566527791903,33.0741366683218,32.50814383084811,33.69930994382539,31.80398738697717,34.309478185869686
6.260257235150863,33.172320765901105,33.200239775545825,32.632450325844374,33.828387375294575,31.858838919980837,34.434517098502184
6.304973358259083,33.316002740479504,33.3387151873998,32.76230344628557,33.99383121440985,32.0265639864115,34.56409677552854
6.349689481367304,33.489060814856884,33.488017765800365,32.867315357364326,34.16467780101045,32.15884252474878,34.72808748034329
